file,column,passed,mismatches,max_absolute_error,detail
GSE61259_muscle_probe_slopes.csv.gz,probe_id,TRUE,0,,""
GSE61259_muscle_probe_slopes.csv.gz,chr,TRUE,0,,""
GSE61259_muscle_probe_slopes.csv.gz,start,TRUE,0,0,""
GSE61259_muscle_probe_slopes.csv.gz,end,TRUE,0,0,""
GSE61259_muscle_probe_slopes.csv.gz,mean_beta,TRUE,0,1.11022302462516e-15,""
GSE61259_muscle_probe_slopes.csv.gz,slope,TRUE,0,1.99493199737333e-17,""
GSE61259_muscle_probe_slopes.csv.gz,se,TRUE,0,1.04083408558608e-17,""
GSE61259_muscle_probe_slopes.csv.gz,p_value,TRUE,0,4.69624339416441e-14,""
GSE61259_muscle_probe_slopes.csv.gz,abs_slope,TRUE,0,1.99493199737333e-17,""
GSE61259_muscle_probe_slopes.csv.gz,in_g4_1kb,TRUE,0,,""
GSE61259_muscle_probe_slopes.csv.gz,window_id,TRUE,0,,""
GSE61259_muscle_probe_slopes.csv.gz,g4_class,TRUE,0,,""
GSE61259_muscle_probe_slopes.csv.gz,motif_count,TRUE,0,0,""
GSE61259_muscle_probe_slopes.csv.gz,stable_motifs,TRUE,0,0,""
GSE61259_muscle_probe_slopes.csv.gz,unstable_motifs,TRUE,0,0,""
GSE61259_muscle_probe_slopes.csv.gz,is_long_cluster,TRUE,0,,""
GSE61259_muscle_probe_slopes.csv.gz,base_class,TRUE,0,,""
GSE61259_muscle_probe_slopes.csv.gz,cohort,TRUE,0,,""
GSE61259_muscle_probe_slopes.csv.gz,tissue,TRUE,0,,""
GSE61259_muscle_probe_slopes.csv.gz,has_stable_g4,TRUE,0,,""
GSE61259_muscle_probe_slopes.csv.gz,has_unstable_g4,TRUE,0,,""
GSE61259_muscle_probe_slopes.csv.gz,log1p_motif_count,TRUE,0,0,""
