role,path,bytes,md5
paper_expected_table,/Users/guibletwm/Lab_Work/CCRRBL-20/BTEP/G4_methylation_paper_files/data/quadron_minimal_stable_unstable_mean_beta_g4_terms.csv,1007,9887c752994d29afadbb433dd2a8378b
paper_expected_table,/Users/guibletwm/Lab_Work/CCRRBL-20/BTEP/G4_methylation_paper_files/data/quadron_minimal_stable_unstable_mean_beta_stable_minus_unstable.csv,773,2242b0a5c4e5405ec90413cd390176e1
paper_expected_table,/Users/guibletwm/Lab_Work/CCRRBL-20/BTEP/G4_methylation_paper_files/data/quadron_minimal_stable_unstable_mean_beta_coefficients.csv,2161,ed17a3023904c0c782e949932a9e7b70
paper_expected_table,/Users/guibletwm/Lab_Work/CCRRBL-20/BTEP/G4_methylation_paper_files/data/quadron_minimal_strand_g_richness_g4_terms.csv,990,5a55dc46a673a5966452a97b7115c10f
paper_expected_table,/Users/guibletwm/Lab_Work/CCRRBL-20/BTEP/G4_methylation_paper_files/data/quadron_minimal_strand_g_richness_stable_minus_unstable.csv,931,4ae537eface20b08e9af2b35c67a27f9
paper_expected_table,/Users/guibletwm/Lab_Work/CCRRBL-20/BTEP/G4_methylation_paper_files/data/quadron_minimal_strand_g_richness_coefficients.csv,4286,0a294b4b05dc00bcc34d90c86d50fa4b
code_or_configuration,/Users/guibletwm/Lab_Work/CCRRBL-20/BTEP/bin/download_geo_series_matrix.R,4835,16a3c935b7b329cb54a4e9cf277baf7d
code_or_configuration,/Users/guibletwm/Lab_Work/CCRRBL-20/BTEP/bin/prepare_g4_windows.R,6755,092f0119dc92ab5008edae2d2128fc30
code_or_configuration,/Users/guibletwm/Lab_Work/CCRRBL-20/BTEP/bin/analyze_g4_methylation_age.R,12809,99a9c47c2bec317b719ff7ac2b951378
code_or_configuration,/Users/guibletwm/Lab_Work/CCRRBL-20/BTEP/bin/compare_g4_effects_adjusted.R,23977,fd36b3b3802e2d9b18d78841742e5c1a
code_or_configuration,/Users/guibletwm/Lab_Work/CCRRBL-20/BTEP/replication/run.R,19136,daf586f6484718e1f9429baaf7899277
code_or_configuration,/Users/guibletwm/Lab_Work/CCRRBL-20/BTEP/replication/compare_results.R,8387,5d83946b36a31e1f86fef2a0f4338d33
code_or_configuration,/Users/guibletwm/Lab_Work/CCRRBL-20/BTEP/replication/config.yaml,1912,6168396b123dd56b4eec311188391f80
probe_manifest,/Users/guibletwm/Lab_Work/CCRRBL-20/results/submission_v3/reference_manifest/probe_gene_manifest.csv.gz,14293253,20aba8009ccba6a341052497aa2bbe11
merged_quadron_neighborhoods,/Users/guibletwm/Lab_Work/CCRRBL-20/BTEP/results/g4_methylation_age_quadron_100bp/g4_windows/g4_motifs_100bp_merged.bed,42240636,8ef3d23c02c4d16238c4e0b60a1f6ad2
prepared_methylation_inputs,/Users/guibletwm/Lab_Work/CCRRBL-20/BTEP/results/g4_methylation_age_quadron_100bp/prepared_inputs/GSE61257_adipose_beta.rds,116162286,f73a867203adff743cd6afb45641ac50
prepared_methylation_inputs,/Users/guibletwm/Lab_Work/CCRRBL-20/BTEP/results/g4_methylation_age_quadron_100bp/prepared_inputs/GSE61257_adipose_metadata.csv,5201,a94eb769f7110cffa429fdc678fcb2ac
prepared_methylation_inputs,/Users/guibletwm/Lab_Work/CCRRBL-20/BTEP/results/g4_methylation_age_quadron_100bp/prepared_inputs/GSE61258_liver_beta.rds,284111002,c0830aebb995220cf54e996ab1b9b70b
prepared_methylation_inputs,/Users/guibletwm/Lab_Work/CCRRBL-20/BTEP/results/g4_methylation_age_quadron_100bp/prepared_inputs/GSE61258_liver_metadata.csv,14392,9646ff373efb1ccf5cc1ddb90fc3203e
prepared_methylation_inputs,/Users/guibletwm/Lab_Work/CCRRBL-20/BTEP/results/g4_methylation_age_quadron_100bp/prepared_inputs/GSE61259_muscle_beta.rds,94665029,8f645e08fb5f5b2bc9b1e8758bec5f93
prepared_methylation_inputs,/Users/guibletwm/Lab_Work/CCRRBL-20/BTEP/results/g4_methylation_age_quadron_100bp/prepared_inputs/GSE61259_muscle_metadata.csv,4195,9d9223b76a27cda4fde606c2c088404b
unmerged_quadron_checkpoint,/Users/guibletwm/Lab_Work/CCRRBL-20/BTEP/results/g4_methylation_age_quadron_100bp/g4_windows/g4_motifs_100bp_unmerged.bed,48970600,066bc52b5bd7b1656622feaa152aa277
annotated_age_slope_checkpoint,/Users/guibletwm/Lab_Work/CCRRBL-20/BTEP/results/quadron_paper_reproduction_prepared/per_tissue/GSE61257_adipose_probe_slopes.csv.gz,19886656,aee37b0ec7c0b45cc373d61181d677a4
annotated_age_slope_checkpoint,/Users/guibletwm/Lab_Work/CCRRBL-20/BTEP/results/quadron_paper_reproduction_prepared/per_tissue/GSE61258_liver_probe_slopes.csv.gz,20350095,f03eac2b7e6ad716155ac7a483dff13d
annotated_age_slope_checkpoint,/Users/guibletwm/Lab_Work/CCRRBL-20/BTEP/results/quadron_paper_reproduction_prepared/per_tissue/GSE61259_muscle_probe_slopes.csv.gz,19981701,ae6ad09b8243d6119fe18177f033bff3
